<?xml version="1.0" encoding="UTF-8"?>
<MF0 version="1.1" packageUris="http://schema.mathworks.com/mf0/systemcomposer_property/2.8 http://schema.mathworks.com/mf0/systemcomposer_services_proxy/1.1">
  <systemcomposer.profile.Profile type="systemcomposer.profile.Profile" uuid="93db6c98-b098-4c4c-b332-3aa397f35ddf">
    <friendlyName>Scotter stereotype</friendlyName>
    <prototypes type="systemcomposer.profile.Prototype" uuid="38e7180c-53d7-4270-89b6-778c56d425d7">
      <appliesTo>Component</appliesTo>
      <componentHeaderColor empty="true"/>
      <connectorLineColor empty="true"/>
      <p_Name>Battery</p_Name>
      <defaultStereotypeMap type="systemcomposer.profile.DefaultStereotypeMap" uuid="59945589-97c2-43e1-8a87-bafbc355b2e1"/>
      <propertySet type="systemcomposer.property.PropertySet" uuid="b4605c0d-d946-4913-8542-1956b7aa7e73">
        <p_Name>Stereotype</p_Name>
        <elemProxy type="systemcomposer.services.proxy.ProxyTarget" uuid="59641973-de80-40d0-995b-7abc2d99b2f8"/>
      </propertySet>
      <elemProxy type="systemcomposer.services.proxy.ProxyTarget" uuid="4d01a9aa-2e2b-495d-b05f-d5bde679fdf8"/>
    </prototypes>
    <prototypes type="systemcomposer.profile.Prototype" uuid="d49956e3-ccbc-42ac-b7cb-3c76eb733c6b">
      <appliesTo>Component</appliesTo>
      <componentHeaderColor empty="true"/>
      <connectorLineColor empty="true"/>
      <p_Name>Chopper</p_Name>
      <defaultStereotypeMap type="systemcomposer.profile.DefaultStereotypeMap" uuid="1138eb80-5063-4415-83c2-9d57486832b5"/>
      <propertySet type="systemcomposer.property.PropertySet" uuid="ae6ab342-5a4e-42c0-aeb2-1c91562e3420">
        <p_Name>Stereotype</p_Name>
        <elemProxy type="systemcomposer.services.proxy.ProxyTarget" uuid="1be841fc-2983-420b-a98e-95d40328e7d2"/>
      </propertySet>
      <elemProxy type="systemcomposer.services.proxy.ProxyTarget" uuid="e8492abf-1f5d-41a3-833d-ab82f5067d28"/>
    </prototypes>
    <prototypes type="systemcomposer.profile.Prototype" uuid="84b2156d-9a3f-43cb-9cf3-38c51786ad05">
      <appliesTo>Component</appliesTo>
      <componentHeaderColor empty="true"/>
      <connectorLineColor empty="true"/>
      <p_Name>Control_References</p_Name>
      <defaultStereotypeMap type="systemcomposer.profile.DefaultStereotypeMap" uuid="64567458-202f-4b8c-8add-d7e1033507e8"/>
      <propertySet type="systemcomposer.property.PropertySet" uuid="d6d9b420-e10f-484a-8624-8f8ee70034e5">
        <p_Name>Stereotype</p_Name>
        <elemProxy type="systemcomposer.services.proxy.ProxyTarget" uuid="dd959e5c-bcce-456d-a07a-95feec84af82"/>
      </propertySet>
      <elemProxy type="systemcomposer.services.proxy.ProxyTarget" uuid="c3dd2e32-ffee-4aaa-a3f7-46b719f9325a"/>
    </prototypes>
    <prototypes type="systemcomposer.profile.Prototype" uuid="365f9973-103a-4872-956e-12a7fd81bf06">
      <appliesTo>Component</appliesTo>
      <componentHeaderColor empty="true"/>
      <connectorLineColor empty="true"/>
      <p_Name>Current_control</p_Name>
      <defaultStereotypeMap type="systemcomposer.profile.DefaultStereotypeMap" uuid="72a8440b-3829-40e8-99f7-5a90bfcb0605"/>
      <propertySet type="systemcomposer.property.PropertySet" uuid="2cf6f246-6d85-4127-b878-90f126e467f5">
        <p_Name>Stereotype</p_Name>
        <elemProxy type="systemcomposer.services.proxy.ProxyTarget" uuid="12a4c275-99aa-48df-a6cf-abdf83702c15"/>
      </propertySet>
      <elemProxy type="systemcomposer.services.proxy.ProxyTarget" uuid="6410ed3a-240c-4ba4-977c-dea8ef763a2d"/>
    </prototypes>
    <prototypes type="systemcomposer.profile.Prototype" uuid="770502b9-ea98-49b9-a288-bbd2dc1830f6">
      <appliesTo>Component</appliesTo>
      <componentHeaderColor empty="true"/>
      <connectorLineColor empty="true"/>
      <p_Name>DC_Motor</p_Name>
      <defaultStereotypeMap type="systemcomposer.profile.DefaultStereotypeMap" uuid="f86b5302-9b6d-41c1-978d-cdb90bd6ef6e"/>
      <propertySet type="systemcomposer.property.PropertySet" uuid="bc634bbc-4809-4de8-9be4-38b9b8115c81">
        <p_Name>Stereotype</p_Name>
        <elemProxy type="systemcomposer.services.proxy.ProxyTarget" uuid="f6f08940-9a40-4135-bc13-7880ab25a264"/>
      </propertySet>
      <elemProxy type="systemcomposer.services.proxy.ProxyTarget" uuid="5ee81b6a-bbf6-4e9b-9956-7c41904e24ec"/>
    </prototypes>
    <prototypes type="systemcomposer.profile.Prototype" uuid="8712783d-4c51-4712-9a15-d71eb4f61f10">
      <appliesTo>Component</appliesTo>
      <componentHeaderColor empty="true"/>
      <connectorLineColor empty="true"/>
      <p_Name>Mechanical_model</p_Name>
      <defaultStereotypeMap type="systemcomposer.profile.DefaultStereotypeMap" uuid="541ba614-3fe1-49d7-9742-677c63826a41"/>
      <propertySet type="systemcomposer.property.PropertySet" uuid="17f2e3ef-a0ee-468f-8fc9-54a4d43b2450">
        <p_Name>Stereotype</p_Name>
        <elemProxy type="systemcomposer.services.proxy.ProxyTarget" uuid="26c868e8-16bb-4b9f-9e3b-645f7babf53a"/>
      </propertySet>
      <elemProxy type="systemcomposer.services.proxy.ProxyTarget" uuid="d9f43ee1-6701-4acf-8689-1178d2f9f61b"/>
    </prototypes>
    <prototypes type="systemcomposer.profile.Prototype" uuid="0cb90e33-062e-4799-a955-5ccb0d5353c5">
      <appliesTo>Component</appliesTo>
      <componentHeaderColor empty="true"/>
      <connectorLineColor empty="true"/>
      <p_Name>Speed_control</p_Name>
      <defaultStereotypeMap type="systemcomposer.profile.DefaultStereotypeMap" uuid="f5d5c3cf-1b32-4925-826f-3643272a98db"/>
      <propertySet type="systemcomposer.property.PropertySet" uuid="7aeb31fe-9e77-47c7-a5e1-004ae1801e56">
        <p_Name>Stereotype1</p_Name>
        <elemProxy type="systemcomposer.services.proxy.ProxyTarget" uuid="712222f6-d685-4b37-8002-0b2572b36f88"/>
      </propertySet>
      <elemProxy type="systemcomposer.services.proxy.ProxyTarget" uuid="ad85d15d-6e4a-489f-9bd0-ef22d7f9d8c0"/>
    </prototypes>
    <valueTypes type="systemcomposer.property.BooleanType" uuid="70f698e4-1141-4c96-b2ce-e427ade10188">
      <p_Name>boolean</p_Name>
    </valueTypes>
    <valueTypes type="systemcomposer.property.FloatType" uuid="6ee36033-e29d-49f7-a870-f31e36abcc7d">
      <max>1.7976931348623157e+308</max>
      <min>-1.7976931348623157e+308</min>
      <p_Name>double</p_Name>
    </valueTypes>
    <valueTypes type="systemcomposer.property.IntegerType" uuid="140f7986-076b-406e-8bc7-5eb1b62aabaa">
      <max>32767</max>
      <min>-32768</min>
      <p_Name>int16</p_Name>
    </valueTypes>
    <valueTypes type="systemcomposer.property.IntegerType" uuid="373a99d5-81b1-4c06-a342-9a18a0a92131">
      <max>2147483647</max>
      <min>-2147483648</min>
      <p_Name>int32</p_Name>
    </valueTypes>
    <valueTypes type="systemcomposer.property.IntegerType" uuid="dd70e2ea-837b-40aa-a9b7-c8a6dc066503">
      <max>9223372036854775807</max>
      <min>-9223372036854775808</min>
      <p_Name>int64</p_Name>
    </valueTypes>
    <valueTypes type="systemcomposer.property.IntegerType" uuid="3e16ed7b-a50b-4401-af2e-ab73feaaad26">
      <max>127</max>
      <min>-128</min>
      <p_Name>int8</p_Name>
    </valueTypes>
    <valueTypes type="systemcomposer.property.FloatType" uuid="75e938ad-eb1c-45f1-b2c4-012a188bcc54">
      <max>3.4028234663852886e+38</max>
      <min>-3.4028234663852886e+38</min>
      <p_Name>single</p_Name>
    </valueTypes>
    <valueTypes type="systemcomposer.property.StringType" uuid="4bab69f0-f7c3-48c4-a109-076bc2121a1c">
      <p_Name>string</p_Name>
    </valueTypes>
    <valueTypes type="systemcomposer.property.StringArrayType" uuid="8c976418-99d3-4dc5-8685-4aaee8c9a1f8">
      <p_Name>stringArray</p_Name>
    </valueTypes>
    <valueTypes type="systemcomposer.property.IntegerType" uuid="451fede1-ccca-4f53-993a-4e01dd419ea5">
      <max>65535</max>
      <min>0</min>
      <p_Name>uint16</p_Name>
    </valueTypes>
    <valueTypes type="systemcomposer.property.IntegerType" uuid="08daa32f-6bab-4a9f-8d70-15c4a42747be">
      <max>4294967295</max>
      <min>0</min>
      <p_Name>uint32</p_Name>
    </valueTypes>
    <valueTypes type="systemcomposer.property.IntegerType" uuid="90a16cd9-d266-408c-8459-f967613a0ffc">
      <max>9223372036854775807</max>
      <min>0</min>
      <p_Name>uint64</p_Name>
    </valueTypes>
    <valueTypes type="systemcomposer.property.IntegerType" uuid="a85eeaf5-8727-42bd-9cf9-c30b5eb62c82">
      <max>255</max>
      <min>0</min>
      <p_Name>uint8</p_Name>
    </valueTypes>
    <p_Name>Scotter_stereotype</p_Name>
    <elemProxy type="systemcomposer.services.proxy.ProxyTarget" uuid="f92fbf9c-95c5-4328-aedd-58091ffcd1fa"/>
  </systemcomposer.profile.Profile>
  <systemcomposer.services.proxy.ModelIdentifier type="systemcomposer.services.proxy.ModelIdentifier" uuid="368065cd-ccaf-431e-98f7-fb476427bc05">
    <URI>Scotter_stereotype</URI>
    <modelType>PROFILE_MODEL</modelType>
  </systemcomposer.services.proxy.ModelIdentifier>
  <systemcomposer.property.UnitQueryClientWrapper type="systemcomposer.property.UnitQueryClientWrapper" uuid="51998580-0fe0-420c-b990-c4c9ad4f37de"/>
</MF0>