<?xml version="1.0" encoding="UTF-8"?>
<MF0 version="1.1" packageUris="http://schema.mathworks.com/mf0/systemcomposer_property/2.8 http://schema.mathworks.com/mf0/systemcomposer_services_proxy/1.1">
  <systemcomposer.profile.Profile type="systemcomposer.profile.Profile" uuid="721b269b-0fca-40bd-95c2-2cf8121b38db">
    <prototypes type="systemcomposer.profile.Prototype" uuid="f7216d3f-52f3-4d18-a294-90bd0dc57b4a">
      <appliesTo>Port</appliesTo>
      <componentHeaderColor empty="true"/>
      <connectorLineColor type="systemcomposer.profile.RGBValueStruct">
        <BLUE>142</BLUE>
        <GREEN>47</GREEN>
        <RED>126</RED>
      </connectorLineColor>
      <p_Name>Bus_variable</p_Name>
      <defaultStereotypeMap type="systemcomposer.profile.DefaultStereotypeMap" uuid="2a3e14f7-1c1f-47a6-9c67-d2ffacf2b89b"/>
      <propertySet type="systemcomposer.property.PropertySet" uuid="a45f0ce9-754f-4313-93ee-9390714ca1da">
        <p_Name>Stereotype</p_Name>
        <elemProxy type="systemcomposer.services.proxy.ProxyTarget" uuid="18efb45d-393f-4c7a-bced-067f4cf01809"/>
      </propertySet>
      <elemProxy type="systemcomposer.services.proxy.ProxyTarget" uuid="03c46708-2b5c-4d9a-901a-5ed260599327"/>
    </prototypes>
    <prototypes type="systemcomposer.profile.Prototype" uuid="79bff273-8396-4981-a33f-4a47a57d5449">
      <appliesTo>Component</appliesTo>
      <componentHeaderColor type="systemcomposer.profile.RGBValueStruct">
        <BLUE>246</BLUE>
        <GREEN>232</GREEN>
        <RED>206</RED>
      </componentHeaderColor>
      <connectorLineColor empty="true"/>
      <icon>DEVICEDRIVER</icon>
      <p_Name>ControlModules</p_Name>
      <defaultStereotypeMap type="systemcomposer.profile.DefaultStereotypeMap" uuid="4518284f-ddf2-4a99-b963-c10263466ba7"/>
      <propertySet type="systemcomposer.property.PropertySet" uuid="0b4fb225-0068-4c6a-9677-5b8592ce5241">
        <p_Name>Stereotype</p_Name>
        <elemProxy type="systemcomposer.services.proxy.ProxyTarget" uuid="db2cfb23-5601-404f-9589-8978f026847f"/>
      </propertySet>
      <elemProxy type="systemcomposer.services.proxy.ProxyTarget" uuid="59f6db0c-d959-44d8-80fc-77375475a027"/>
    </prototypes>
    <prototypes type="systemcomposer.profile.Prototype" uuid="da471792-14fb-49d7-bc84-caccd0a49f37">
      <appliesTo>Component</appliesTo>
      <componentHeaderColor type="systemcomposer.profile.RGBValueStruct">
        <BLUE>187</BLUE>
        <GREEN>178</GREEN>
        <RED>225</RED>
      </componentHeaderColor>
      <connectorLineColor empty="true"/>
      <icon>CONTROLLER</icon>
      <p_Name>Controller</p_Name>
      <defaultStereotypeMap type="systemcomposer.profile.DefaultStereotypeMap" uuid="3465b6f3-5cfb-4a7e-9232-9a8d69bff993"/>
      <propertySet type="systemcomposer.property.PropertySet" uuid="3b079c67-b730-4eb0-99e7-cff3ff6c3906">
        <p_Name>Stereotype</p_Name>
        <elemProxy type="systemcomposer.services.proxy.ProxyTarget" uuid="91bf7741-2c9a-4102-8ba4-285ecce2cd0c"/>
      </propertySet>
      <elemProxy type="systemcomposer.services.proxy.ProxyTarget" uuid="74d6efd4-fd0d-433a-9c1d-bea6b03217dc"/>
    </prototypes>
    <prototypes type="systemcomposer.profile.Prototype" uuid="c148fbc5-1f5f-438d-aeab-3494c62f489b">
      <appliesTo>Component</appliesTo>
      <componentHeaderColor type="systemcomposer.profile.RGBValueStruct">
        <BLUE>177</BLUE>
        <GREEN>198</GREEN>
        <RED>244</RED>
      </componentHeaderColor>
      <connectorLineColor empty="true"/>
      <icon>SENSOR</icon>
      <p_Name>Indicator</p_Name>
      <defaultStereotypeMap type="systemcomposer.profile.DefaultStereotypeMap" uuid="61bdc38d-da30-4d7a-a0fa-ee9b0eb27340"/>
      <propertySet type="systemcomposer.property.PropertySet" uuid="63186d05-0fad-45e9-8173-b9f754d25f97">
        <p_Name>Stereotype</p_Name>
        <elemProxy type="systemcomposer.services.proxy.ProxyTarget" uuid="0803f983-e83d-4974-8cca-7bd6832245d2"/>
      </propertySet>
      <elemProxy type="systemcomposer.services.proxy.ProxyTarget" uuid="2e571e18-2ac1-402d-a991-2ae7a20308d4"/>
    </prototypes>
    <prototypes type="systemcomposer.profile.Prototype" uuid="6874191b-1562-42ad-a13c-0be016818a9d">
      <appliesTo>Component</appliesTo>
      <componentHeaderColor type="systemcomposer.profile.RGBValueStruct">
        <BLUE>184</BLUE>
        <GREEN>228</GREEN>
        <RED>210</RED>
      </componentHeaderColor>
      <connectorLineColor empty="true"/>
      <p_Name>Mechanical_component</p_Name>
      <defaultStereotypeMap type="systemcomposer.profile.DefaultStereotypeMap" uuid="46e18cc1-7b43-4d3f-8dda-676b654dff1b"/>
      <propertySet type="systemcomposer.property.PropertySet" uuid="70818457-3730-4e9e-9235-90fc38713cc4">
        <p_Name>Stereotype</p_Name>
        <elemProxy type="systemcomposer.services.proxy.ProxyTarget" uuid="045fdb47-d7e6-4311-baf3-f239edefb438"/>
      </propertySet>
      <elemProxy type="systemcomposer.services.proxy.ProxyTarget" uuid="a9f41105-1ad6-4f7b-b3a3-4f996c57b462"/>
    </prototypes>
    <prototypes type="systemcomposer.profile.Prototype" uuid="57d2b5e7-c55b-4505-ac40-5e2d3ce17373">
      <appliesTo>Port</appliesTo>
      <componentHeaderColor empty="true"/>
      <connectorLineColor type="systemcomposer.profile.RGBValueStruct">
        <BLUE>32</BLUE>
        <GREEN>177</GREEN>
        <RED>237</RED>
      </connectorLineColor>
      <p_Name>Physical_connection</p_Name>
      <defaultStereotypeMap type="systemcomposer.profile.DefaultStereotypeMap" uuid="c2a64479-7035-4230-9591-12403573f35b"/>
      <propertySet type="systemcomposer.property.PropertySet" uuid="856b18c8-41ad-4661-a925-3f0c5cee96c3">
        <p_Name>Stereotype</p_Name>
        <elemProxy type="systemcomposer.services.proxy.ProxyTarget" uuid="4b87089a-7f32-468c-93a1-3fafcd8cbb3c"/>
      </propertySet>
      <elemProxy type="systemcomposer.services.proxy.ProxyTarget" uuid="82b21444-140c-4d0f-843b-7535a4c0897a"/>
    </prototypes>
    <prototypes type="systemcomposer.profile.Prototype" uuid="470aef36-138a-4356-af05-878da95e26d3">
      <appliesTo>Component</appliesTo>
      <componentHeaderColor type="systemcomposer.profile.RGBValueStruct">
        <BLUE>177</BLUE>
        <GREEN>228</GREEN>
        <RED>249</RED>
      </componentHeaderColor>
      <connectorLineColor empty="true"/>
      <icon>MEMORY</icon>
      <p_Name>PowerElectronics</p_Name>
      <defaultStereotypeMap type="systemcomposer.profile.DefaultStereotypeMap" uuid="7ce9cac8-aed7-48e7-a7ab-00358f5dc6f7"/>
      <propertySet type="systemcomposer.property.PropertySet" uuid="9f45b3bc-f3b2-4da2-8a2c-8658b4324d0a">
        <p_Name>Stereotype</p_Name>
        <elemProxy type="systemcomposer.services.proxy.ProxyTarget" uuid="25e5a10e-e534-48ee-9f92-2fce07b5e1e3"/>
      </propertySet>
      <elemProxy type="systemcomposer.services.proxy.ProxyTarget" uuid="79a326f1-4e72-4007-a3e9-f9fab72b8730"/>
    </prototypes>
    <prototypes type="systemcomposer.profile.Prototype" uuid="e2fdfcc4-838a-44ad-a907-d7ea3168c7e2">
      <appliesTo>Component</appliesTo>
      <componentHeaderColor type="systemcomposer.profile.RGBValueStruct">
        <BLUE>220</BLUE>
        <GREEN>187</GREEN>
        <RED>213</RED>
      </componentHeaderColor>
      <connectorLineColor empty="true"/>
      <icon>TRANSMITTER</icon>
      <p_Name>Sensor</p_Name>
      <defaultStereotypeMap type="systemcomposer.profile.DefaultStereotypeMap" uuid="ab16b776-98ae-4dc8-a51b-55e4d06ebca3"/>
      <propertySet type="systemcomposer.property.PropertySet" uuid="c2b9931e-90c4-400b-bdbf-2b70561d988e">
        <p_Name>Stereotype</p_Name>
        <elemProxy type="systemcomposer.services.proxy.ProxyTarget" uuid="227fb0e7-9b2c-4f40-b3f7-1649d46f8230"/>
      </propertySet>
      <elemProxy type="systemcomposer.services.proxy.ProxyTarget" uuid="af8c9ba9-887d-44f5-978e-8dd00499ecb1"/>
    </prototypes>
    <valueTypes type="systemcomposer.property.BooleanType" uuid="77a4276d-e9f9-44f5-a5c0-da655209f5e1">
      <p_Name>boolean</p_Name>
    </valueTypes>
    <valueTypes type="systemcomposer.property.FloatType" uuid="b2d63e4f-7e46-46a5-bcfc-1c21a177ff42">
      <max>1.7976931348623157e+308</max>
      <min>-1.7976931348623157e+308</min>
      <p_Name>double</p_Name>
    </valueTypes>
    <valueTypes type="systemcomposer.property.IntegerType" uuid="a3622ea8-bd6d-466d-90fa-4696c3bb3b65">
      <max>32767</max>
      <min>-32768</min>
      <p_Name>int16</p_Name>
    </valueTypes>
    <valueTypes type="systemcomposer.property.IntegerType" uuid="0f949791-0131-4aed-a3e4-62bbf6aadf02">
      <max>2147483647</max>
      <min>-2147483648</min>
      <p_Name>int32</p_Name>
    </valueTypes>
    <valueTypes type="systemcomposer.property.IntegerType" uuid="c4b2dc9c-ff53-4f61-80ac-39e322d0c2ed">
      <max>9223372036854775807</max>
      <min>-9223372036854775808</min>
      <p_Name>int64</p_Name>
    </valueTypes>
    <valueTypes type="systemcomposer.property.IntegerType" uuid="4774ffe6-2d0f-4f8b-bc12-2c9c89061bc2">
      <max>127</max>
      <min>-128</min>
      <p_Name>int8</p_Name>
    </valueTypes>
    <valueTypes type="systemcomposer.property.FloatType" uuid="01340853-f61c-44ab-b2b8-bb55645c213f">
      <max>3.4028234663852886e+38</max>
      <min>-3.4028234663852886e+38</min>
      <p_Name>single</p_Name>
    </valueTypes>
    <valueTypes type="systemcomposer.property.StringType" uuid="f2477f19-82a6-4380-991b-cb3bcdca7dba">
      <p_Name>string</p_Name>
    </valueTypes>
    <valueTypes type="systemcomposer.property.StringArrayType" uuid="fa17cec1-731a-490c-b6d2-6e2cf08b5df8">
      <p_Name>stringArray</p_Name>
    </valueTypes>
    <valueTypes type="systemcomposer.property.IntegerType" uuid="bd9e3006-2428-4674-83e3-0e1c507c9b80">
      <max>65535</max>
      <min>0</min>
      <p_Name>uint16</p_Name>
    </valueTypes>
    <valueTypes type="systemcomposer.property.IntegerType" uuid="2e2b5ac8-11e9-4490-a75f-4af648f89911">
      <max>4294967295</max>
      <min>0</min>
      <p_Name>uint32</p_Name>
    </valueTypes>
    <valueTypes type="systemcomposer.property.IntegerType" uuid="21d311c9-5c88-406b-9716-63d61f1d937f">
      <max>9223372036854775807</max>
      <min>0</min>
      <p_Name>uint64</p_Name>
    </valueTypes>
    <valueTypes type="systemcomposer.property.IntegerType" uuid="ab82156a-b211-464d-bfce-2867c5d8fab6">
      <max>255</max>
      <min>0</min>
      <p_Name>uint8</p_Name>
    </valueTypes>
    <p_Name>ElectricScooterStereotypes</p_Name>
    <elemProxy type="systemcomposer.services.proxy.ProxyTarget" uuid="5cd39c27-b4d7-424e-9c52-cbdf277ec42d"/>
  </systemcomposer.profile.Profile>
  <systemcomposer.services.proxy.ModelIdentifier type="systemcomposer.services.proxy.ModelIdentifier" uuid="f56e74df-840c-4a7a-9b4c-c139e4071b48">
    <URI>ElectricScooterStereotypes</URI>
    <modelType>PROFILE_MODEL</modelType>
  </systemcomposer.services.proxy.ModelIdentifier>
  <systemcomposer.property.UnitQueryClientWrapper type="systemcomposer.property.UnitQueryClientWrapper" uuid="5f1a416b-6983-4c3a-9335-01419ff8047a"/>
</MF0>